<?xml version="1.0" encoding="UTF-8"?>
<beans xmlns="http://www.springframework.org/schema/beans"
	xmlns:xsi="http://www.w3.org/2001/XMLSchema-instance" xmlns:aop="http://www.springframework.org/schema/aop"
	xmlns:mvc="http://www.springframework.org/schema/mvc" xmlns:context="http://www.springframework.org/schema/context"
	xsi:schemaLocation="http://www.springframework.org/schema/beans http://www.springframework.org/schema/beans/spring-beans.xsd
    http://www.springframework.org/schema/aop http://www.springframework.org/schema/aop/spring-aop-3.0.xsd
    http://www.springframework.org/schema/mvc http://www.springframework.org/schema/mvc/spring-mvc.xsd 
     http://www.springframework.org/schema/context http://www.springframework.org/schema/context/spring-context-3.0.xsd ">
	<!-- bean definitions here -->

<context:component-scan base-package="com.rental"></context:component-scan>
<mvc:annotation-driven/>
<mvc:resources location="/resources/" mapping="/resources/**"></mvc:resources>
<bean id="viewResolver" class="org.springframework.web.servlet.view.InternalResourceViewResolver">
<property name="prefix" value="/WEB-INF/pages/"></property>
<property name="suffix" value=".jsp"></property>
</bean>
<bean id="dataSource" class="org.springframework.jdbc.datasource.DriverManagerDataSource">
	<property name="driverClassName" value="org.postgresql.Driver"></property>
	<property name="url" value="jdbc:postgresql://192.168.1.53/RentalCar-Team G"></property>
	<property name="username" value="dbuser"></property>
	<property name="password" value="dbpassword"></property>
	</bean>
	
<bean id="jdbcTemplate" class="org.springframework.jdbc.core.JdbcTemplate">
	<constructor-arg ref="dataSource"></constructor-arg>
	</bean>
</beans>